sample_size,experiment_id,coeff_0,coeff_1,coeff_2,coeff_3,coeff_4,coeff_5,coeff_6,coeff_7,coeff_8
5,0,2.7934977142311256e+20,-2.455084361514016e+18,3935130314760872.5,11362385888620.393,-8220682960.986929,-72633461.70910892,-73141.06931175922,595.8566269975123,4.081243860876722
5,1,6.435338974108238e+20,-4.4141755023239567e+18,3349687035957483.5,20992687040401.57,8146856969.883607,-88799036.80712393,-180888.9904491602,460.40751975540246,4.541677070026812
5,2,1.5584898381090343e+19,-3.4159794701348704e+17,1879114257850433.5,246957787940.5143,-14665416863.17655,-30729835.944838434,60275.0483123827,691.7934036067487,3.288407725455682
5,3,1.0305994928510941e+19,-3.1770063026150426e+17,2836630868251587.5,-4530816101107.738,-21367270133.80013,-16811254.522793226,126010.7646058199,772.1757489169055,2.967129052269789
5,4,7.124900968459822e+18,-3.5212640871396224e+17,4503248434442847.0,-13237411748468.238,-31040622712.45482,-3656963.9145426336,187232.77874669092,863.1232237952244,2.865190822602284
5,5,2.3946314394111478e+17,-5.0956312192111256e+16,2347946520663507.5,-12515652377593.537,-10195913439.029411,46866791.31979286,236507.78630604528,735.1332023283643,1.9427711759649502
5,6,5.900088082340057e+19,-8.465018722536503e+17,2750508048954540.0,4037698136681.475,-12845507343.694897,-53207736.28797355,-17788.11810597041,629.3987474010536,3.879776278939306
5,7,1.134626249509934e+20,-1.5746248262662436e+18,5964853238993813.0,2225115575424.8374,-28689842779.340427,-61368862.548183545,53447.194707943374,798.7773452330784,3.494722074803462
5,8,5.515894203389037e+19,-8.200393671266828e+17,3238111527042666.5,2125189334455.9248,-19747184389.369347,-47826450.11331272,48858.686924778216,743.6235379389667,3.4288112428315642
5,9,1.4661412067304808e+19,-6.535857393212332e+17,6129833589043932.0,-9914494157400.438,-35810781466.13997,-17764883.88247411,180700.12118667655,885.2556924301739,2.845277068946161
5,10,1.3341463986689405e+19,-2.514248278576242e+17,1319080901312846.0,388604789564.4851,-11875364032.828169,-26650580.206631407,56765.082816018876,667.4181588530955,3.263866902776944
5,11,2.811070720401767e+19,-5.510844583421101e+17,3290372431389277.0,-2677778994046.133,-22293736493.83377,-20014775.495865725,131450.4465539333,784.3261415705903,2.8396342326041775
5,12,8.258963996407474e+16,-8204785033567197.0,141787942496879.3,-493967060025.28064,-2654280739.42638,381732.7897149852,62113.41899706203,467.1509638171044,2.529648683256199
5,13,1.427924881162269e+20,-1.900384215967466e+18,4359041628395496.5,11256271658782.521,-11451991408.53107,-87100510.76386803,-104004.16087900805,591.7488634016245,4.382474418877503
5,14,-1.1263385383262935e+22,7.409102841237085e+19,-1.678096256963207e+16,-349282867679262.25,-562228439869.6438,487810504.9325903,4351976.150172131,8088.811495177289,-18.613013860336924
5,15,2.0421834378696617e+18,-5.830314324508239e+16,509138753005381.6,-720854573429.0074,-6395316330.2995,-5894430.540359059,76913.11481986665,576.5214126176711,2.7534810663587517
5,16,8.045869403794455e+18,-3.300140823100877e+17,2878289036102149.0,-4375288622475.332,-20583454906.31255,-10061248.168066407,144297.60397188232,769.8929963183234,2.7259970562927665
5,17,2.2608931574066508e+19,-9.098484004758062e+17,7794122253004315.0,-11822789713312.762,-40607221942.6798,-12345229.180182874,210082.36625885442,914.052537360216,2.7027300698115533
5,18,5.5887644669683e+18,-2.1822559751918445e+17,2615207057243803.0,-8035584995123.343,-16922213202.966158,18790849.15649904,197216.97085275926,754.5401701192005,2.2625419748310684
5,19,1.3954818833309925e+19,-7.754350018293714e+17,6596090577770745.0,-3733207857852.887,-34003664492.05963,-53803719.4388614,74238.29091475307,808.9431031617463,3.4989195306913183
5,20,2.935360104668315e+19,-8.624316574112104e+17,4155845531487272.5,2687106621173.1665,-19089198393.35695,-58136583.237324215,-5524.8476987918975,666.2777955101831,3.8694541749971934
5,21,5.197631878703105e+18,-6.984255379573537e+17,7597334683875185.0,-17182284263446.672,-36486655033.727486,16690219.807916166,256924.04022198703,905.0537682275367,2.402826344298913
5,22,2.5981784611853526e+17,-5.072634090414354e+16,1047827903974492.2,-5314544675628.455,-7870198507.039817,22961761.60500954,167801.83181761697,651.0595055873523,2.0888817915187454
5,23,1.2975140029483608e+19,-4.634973607506297e+17,4114961188407134.0,-5706663031819.609,-27135256271.429222,-17376125.82155451,152683.22764781496,823.295843366696,2.8431330644094936
5,24,2.195719522631226e+20,-2.1051464525221563e+18,3255593830395772.0,10842898125399.668,-3148907070.517856,-66830815.871169835,-104614.44325362911,496.70206773998524,4.3181543701963685
5,25,-9.297908861517977e+20,5.412949879225084e+18,2660546922339834.5,-25246751693848.73,-72667238269.60394,-32404130.169290204,428829.57186651905,1644.9458756576446,1.1327101783815103
5,26,1.2418322361837998e+18,-3.246893972236128e+17,3919465196570132.5,-9075677734833.158,-25808577241.00976,-137953.4430376423,186739.84865840484,827.6136721845986,2.625371519174937
5,27,9.477194015689198e+18,-1.9500615687550182e+17,625614204164313.8,1621484004940.5833,-2812694766.583544,-24144506.263528854,-31245.18960520297,414.9460335638229,4.084098201069254
5,28,2.8710562505242006e+17,-4.633225214059435e+16,1667910013997671.0,-12095634496055.607,1410033202.7067347,69790990.95633718,247487.74778361508,659.7712338141914,1.590569042694481
5,29,3.437858704579686e+18,-1.0885197299650146e+17,921270004319459.5,-1005331438197.6788,-9287969037.672766,-14583899.934641369,63002.768675110085,609.1740499019078,3.1918425133059425
5,30,4.088335704610538e+19,-7.395567498359433e+17,3783700585564831.5,-626068372938.0786,-24149041611.234035,-38311315.71854652,93551.0155782229,790.2665287548064,3.179671890059121
5,31,3.9059231956750926e+19,-9.594647460020438e+17,6706098066991090.0,-7154326479723.549,-37415746286.03602,-33495635.645658668,150286.64174440101,883.3139013909201,3.0491629109363965
5,32,4.7418579072708035e+19,-5.985005498483506e+17,1751581913356655.0,3276320573628.4004,-8966607662.613659,-42995818.644472,-19155.305122701397,574.2637399683863,3.899338344230957
5,33,2.7132180622101635e+19,-5.234536183965395e+17,2987170272100059.5,-1563725615399.588,-21035689020.617634,-26258608.413477063,109616.52734825299,770.3459682658582,2.9965411451798087
5,34,9.07053390941738e+16,-3.585837650755319e+16,622332433447554.9,-1842186574492.195,-7871637406.423832,-5678134.264118742,80241.95518536575,600.641210929912,2.989581151937551
5,35,-1.298735779842402e+20,6.077843190163842e+18,-8255755544172893.0,-34000596087825.02,-44150393633.777756,52447500.49103684,446492.24635337206,1267.471974851562,1.4112513785954504
5,36,6.322783659850616e+17,-5.126083624004327e+16,652241795649931.2,-1143852168309.3462,-7959047242.564761,-9047646.409461472,74962.74071529554,603.5512401569672,2.9627869493603876
5,37,4.2992613596169574e+17,-8.286654949886302e+16,3626634221651075.0,-14857973767643.658,-26727693882.383553,8136663.17704538,201103.70597789332,851.1544745637447,2.7200199159830905
5,38,4.224408264381258e+16,-7402347875300156.0,161353888283921.6,-692564791434.2015,-3305721840.672758,-2017748.0347926682,56040.99127064838,488.8973027347545,2.9386026060925383
5,39,2.9666388688095003e+19,-7.050072947625869e+17,5038293637256320.0,-6427257967952.712,-30822393196.658157,-26793265.63398102,137622.97573360184,836.3369989584114,3.066164127343305
5,40,3.2666585509642276e+18,-5.99142366385092e+16,268996867935008.22,536286275985.05334,-2862760734.7707934,-15781987.738086915,-862.0412191230087,444.01296998759665,3.762033707625551
5,41,7.877244888177295e+18,-5.639880615206579e+17,5749245788120654.0,-10546014320299.812,-35515698433.47766,-24546783.007735457,153496.10958860337,867.8566859522339,3.107044049971388
5,42,9.179498020038274e+19,-1.5756162040050214e+18,7285263007743243.0,-1031311634911.2513,-37361015223.02902,-51624471.633593105,120222.0452283716,881.5103854976264,3.1476095084793427
5,43,6.103107991891252e+17,-5.187576487847469e+16,1268064272092607.8,-7362302936640.293,-12880445805.268135,14766738.587597515,168688.3851511191,729.4493626746088,2.4976798581867334
5,44,1.0088693882027024e+20,-1.2403146863145902e+18,3514597459786554.5,5297789937134.277,-15084086994.633411,-59777442.431751095,-15929.509810730608,659.0461195114327,3.8464451435561604
5,45,1.7354683668664576e+17,-1.3026831570283384e+16,220609404607400.6,-937790408252.4453,-3048740384.804545,5598385.889367127,85699.4008089687,491.86796376495937,2.210640397305536
5,46,1.1819121118854427e+20,-1.6475598007631278e+18,5375780095827151.0,5350716059211.617,-25229239726.686085,-69633126.12010899,27036.021901966265,782.066257115683,3.5945109293259327
5,47,2.679509176238893e+18,-6.549699751492144e+16,441744198284280.75,60045441291.09592,-5644177968.805221,-14680906.378265256,39078.74569924009,547.4289211860926,3.2690844081227715
5,48,7.025408787738339e+18,-1.7222696709460483e+17,1160759316319545.8,-557913933205.6696,-11137718821.011192,-17851539.93554297,74540.61821962155,654.3677522413303,3.0530864567696328
5,49,4.4274484112979067e+18,-1.5654761320095904e+17,1549830641659320.8,-2409790680344.138,-14228783779.981396,-14859995.744235521,95814.94391893467,694.8018717755559,3.031267024141733
5,50,1.0320787586857053e+17,-6007547575091631.0,108048816213664.92,-479479370908.8581,-2411080492.939116,375394.9206420092,58819.21723129034,460.14016853488346,2.614960616723959
5,51,7.461596572494438e+18,-1.200117555506052e+18,7780115979610533.0,-2906134329080.3525,-38169014980.51217,-55283097.76448587,104274.56531046894,870.2659263077317,3.2833425780856493
5,52,1.4834964029510645e+20,-1.7181456929741868e+18,4814685708820436.0,6035469389709.888,-20258765797.078537,-67320279.34069064,1093.637656829718,723.8157316017483,3.731392288060563
5,53,9.430247003214322e+18,-2.235255623605704e+17,1245256787456522.5,640393168776.6345,-10397107987.142519,-29183013.568931192,32137.687384884972,623.7917711523603,3.4890934149665638
5,54,1.9505033638115963e+19,-5.565684972978946e+17,4242510422236509.0,-5252049016602.795,-27422559396.077072,-28148084.219123255,118383.20866609275,804.7616209508603,3.1626321471620864
5,55,1.0430815861125158e+16,-986674974286501.8,29275187102260.69,-258775295879.9274,-668577118.6090717,4162779.734614355,51566.62665903061,353.6951491076103,2.0246817477313557
5,56,2.6324080491859505e+19,-5.585768050561056e+17,3526205855079870.0,-2879422984880.113,-23541542921.1429,-29851412.675181948,102966.04047529571,778.2702672299051,3.166069746512757
5,57,1.0239248191942736e+19,-5.7347332715288096e+17,6054943319277282.0,-9219372125540.955,-35596513462.49411,-20153983.604061954,174509.60290023245,879.4618552854713,2.8609723420176936
5,58,3.0407134523323458e+19,-6.829607965387313e+17,4773439982121161.0,-7124846884286.904,-27790439125.0899,-4098331.134091387,189611.71265300974,834.4139922421394,2.5576187381105684
5,59,-9.283558717636721e+20,8.552539665771711e+18,461355465457665.5,-80522007426378.53,-236295063402.35626,91573682.64109056,3262380.695375267,10516.684038578735,-33.29957308354892
5,60,1.4737288427705544e+18,-4.129781085778691e+17,6911777703400173.0,-12260462639045.652,-39724936774.84076,-30784120.73484187,149604.1397857453,882.391777094802,3.171193320837973
5,61,1.1107829373740333e+17,-2.1961935202326892e+16,946589425323795.8,-7034880557300.193,-6659868320.282047,31424563.32323951,184943.83879378933,665.2032446944934,2.0339641837342666
5,62,7.984412147257735e+18,-3.38778543181567e+17,4603103665386263.0,-19740715815515.402,-8961702203.187387,80673270.56682919,303740.0244096954,771.0671936673435,1.7155664549375842
5,63,3.3275422209742957e+17,-1.2892461782114478e+16,142356305678112.0,-144792813175.80212,-3001116906.0003676,-6367769.086756453,41265.76243940614,482.1033713158436,3.0525399890505933
5,64,1.5179098379529873e+19,-4.8910809730710317e+17,3699957949248327.0,-3465700612771.7427,-24921146739.80695,-27349142.833810784,118833.09759641625,798.1178864970394,3.0450255874851258
5,65,1.3754811259299457e+19,-4.6893917697073536e+17,4242789770879782.5,-7587169872321.373,-28181765715.899654,-17632207.849238217,148284.97342335712,825.8891784035579,2.979516024132261
5,66,4.432609907310974e+19,-1.2153461981903962e+18,8040004501137897.0,-7828175711659.801,-41979605143.45852,-34455140.41601134,167980.58784100413,914.3917267851552,2.9708583438718663
5,67,3.1877420729230967e+19,-8.502669104272925e+17,6782098314919537.0,-10677312323932.582,-38126152225.56958,-24083671.324795287,166447.49322123264,884.7852708453036,3.0145984104016774
5,68,5.936962941854572e+20,-3.8302701858351565e+18,2096705581465502.0,17408162192728.176,12858802788.305134,-64195247.50220433,-171415.70327030445,355.8239601722922,4.566111163103652
5,69,3.7952246600923464e+18,-1.2441733758212266e+17,1123393307181529.5,-1675945795153.0437,-11303625166.43585,-10279139.111326557,96022.23737210101,662.4987993241751,2.8661504266640074
5,70,1.9099661208050577e+19,-7.053010536577015e+17,3560866649429496.0,1837543112884.7559,-18297190404.990402,-50615362.17457682,17761.55214860461,690.1134405176219,3.672164797027113
5,71,1.513653621861457e+20,-1.9769194705436493e+18,6770243539611717.0,4451596150087.109,-32052804035.68028,-71221118.20517193,56918.16111161215,837.7349621098226,3.4596661812162206
5,72,1.895207630536133e+18,-8.981632607719032e+16,777587562849700.2,-30064785200.5217,-7232078767.658583,-20943659.63929091,20909.11608612421,540.834260452489,3.6203129215924434
5,73,4.2000129454581126e+17,-1.952985863701742e+16,267700412728153.72,-788770624373.9299,-4380080325.676956,-1628209.2698860113,71894.35166038337,528.8971574325648,2.694027922771253
5,74,-1.2297617207407165e+18,2.5786811062545812e+16,38372957623940.14,-1650940530026.6458,-3457826386.24606,12028684.53448384,118539.95000271697,575.4839181092389,2.2239544142679426
5,75,9.687598907454056e+18,-4.20851090919249e+17,4687877466310022.0,-12662208336658.777,-28591391381.29209,11839349.175062558,222590.98666498013,856.9713368522849,2.483203652799248
5,76,2.1669081891209683e+17,-1.5138587355237898e+16,145573766848700.1,53733704143.49387,-2321108888.8911533,-9557134.4699244,10523.879197588132,411.3388838246679,3.634677043464513
5,77,6.321735036276274e+17,-8.258971950425109e+16,2347513538069306.0,-8916668238567.781,-17004950487.093666,16531384.87044158,191069.59977144725,762.9761348657822,2.374500633998562
5,78,1.8401166556829168e+19,-2.1002313694564465e+18,8906461427966296.0,5837612930092.071,-30096223513.555405,-85916412.22855939,-16735.70120901301,739.8647337737776,3.9129868151230407
5,79,6.947100890824936e+23,-3.139914578760629e+21,-1.4112241401344663e+18,1.0432196314852442e+16,24023909293905.836,2895621016.696806,-110294943.49252789,-244789.60487084446,508.79667586999875
5,80,3703800325399801.0,-678643102953685.1,36275376123942.33,-444816486176.1839,-1296679212.7735147,2512781.681701068,52513.59235658701,413.6961353926425,2.5931899124447035
5,81,1.0320137412594469e+19,-2.4526045923429286e+17,1252465317479677.2,903252739525.5948,-8720040417.149704,-29494789.849112477,9917.376745603575,566.8344479909034,3.7020913239925655
5,82,9.763984492655467e+19,-1.3473001640869366e+18,3274645822091765.5,7446145288417.13,-8043573385.060532,-62248895.52829605,-77944.67154497137,526.1224105705353,4.251549620661393
5,83,3.4300301463230878e+19,-7.31306634487095e+17,4769497057011382.0,-5455828596773.7,-29358794450.51955,-18853421.00034365,161373.614197595,841.5502870268533,2.8003588487164786
5,84,1.6447996522002545e+19,-1.3001870461054198e+18,7147508318023858.0,631967085454.9369,-33663679329.246788,-65365542.978886634,62513.713616036686,828.948843208482,3.4808302105967632
5,85,-3.916679877982748e+19,1.3947661512085816e+17,946829609887912.1,-894219774451.7151,-12125638642.745056,-27409328.243422195,44554.34618372649,652.2439788669676,3.4755334448744195
5,86,8.839679016516424e+19,-2.049614667645699e+18,3822274546321848.5,12797352204820.62,4455340302.595983,-66216780.24985463,-188474.4049709562,259.54249580601436,4.969631455638604
5,87,-7.47776788596793e+19,8.47031432782025e+17,-1258708753625464.5,-8154551981279.392,-5954232331.280786,47552724.741163045,237334.7231628552,678.9334023795366,1.3513603835023573
5,88,-1.81234652114249e+20,1.223982428957901e+18,1090920740908780.2,-9679308597482.822,-37758579334.396774,-16340345.886556543,393112.3327150269,1693.2309966243154,-0.4247385519837519
5,89,1.132200775358791e+20,-1.2575752800773906e+18,3258798339092053.0,5582737066371.512,-14393725113.085102,-59517685.35774153,-12208.553917395933,672.4554043053195,3.790036574750104
5,90,2.037795025984857e+20,-2.5358369672127406e+18,6548135987677315.0,10318365191305.979,-17464003140.948402,-84069606.93305098,-67792.00180725394,636.6348701066064,4.11966245052491
5,91,4.669328297767074e+18,-1.6581470482318538e+17,1831807569912876.8,-5333626933026.295,-13444177979.31663,13029006.812278751,169562.39373268295,707.5382192830205,2.2822835180858645
5,92,1.3925505188303706e+19,-1.4105311685346605e+17,-22064425957521.445,2079178859428.389,6517650283.569917,-11651830.282177037,-157530.87562379165,-205.5932253297285,6.4439466190907195
5,93,9.572486300772014e+18,-5.791274227056211e+17,6215792704621739.0,-10382314504638.902,-36248865426.96129,-16885126.757637013,183799.52459266238,887.7774319717179,2.830394215142452
5,94,1.6303569930868494e+19,-8.455725374053453e+17,7658976451240127.0,-13781987761369.982,-39559866572.25225,-2613179.453372864,227337.17259776464,914.5665549746707,2.604519806667339
5,95,9.572421303908405e+18,-2.4287596337764032e+17,1684747688266735.5,-637120414161.1802,-13297244458.585573,-26361138.76780505,53585.523436204036,654.3328427231919,3.385735548975947
5,96,9.519690903678091e+16,-3202815900778347.0,27919059351356.727,42426836945.79472,-807863129.1855968,-4493270.140805408,8954.44503794614,334.48133946724556,3.480479810448902
5,97,1.835650739039613e+19,-5.2976699673128154e+17,4124069824971531.0,-5544474548898.0,-27242881308.775898,-20046388.162632518,146388.57495882147,824.5820108188392,2.909735386614701
5,98,3.859412119572787e+19,-5.4582091371767155e+17,1864815307254498.5,2605106784487.3213,-10282039753.308496,-41344615.1334879,-5007.218170474202,600.4669845456157,3.792910120113864
5,99,3.022853747346815e+18,-9.472405815677763e+16,900397624563075.2,-1715867151744.9253,-9425841360.431725,-3815535.587644553,104063.4065241057,636.3820039671198,2.649678226346247
10,0,3.871131121997996e+19,-2.5140353354718894e+18,6.147453726746662e+16,-734070376792391.0,4842106141620.046,-18549599099.091488,41051554.09095902,-48605.85491894793,28.438701810820096
10,1,1.6484079573020124e+18,-2.053491938447272e+17,9882372697040216.0,-236030182517324.94,2995491100571.637,-20392094140.938183,74009197.53457734,-134035.47208722308,99.55851725322233
10,2,2.80361045492769e+22,-8.989750843055574e+20,1.2374154347320465e+19,-9.550834530489026e+16,452241405774727.5,-1345867592648.1423,2459760130.4470906,-2525894.3306382666,1121.2442449352802
10,3,-3.714558703560946e+19,3.178166487032542e+18,-9.843936771955154e+16,1439248255464223.0,-11188647116533.607,48686869682.88386,-118735437.09237657,151429.80124992158,-73.92561910450226
10,4,2.1389416754714768e+17,-4.598352435633072e+16,1823914014769237.2,-30945175240383.547,269997512737.15146,-1274520506.926698,3165679.3525584894,-3590.853122347941,5.765890781294778
10,5,-4.812844605355117e+20,4.148290034079472e+19,-1.0409785726401478e+18,1.2343724139396938e+16,-81213148254739.48,313784424263.5984,-708321703.4847515,864408.8396582345,-435.7354425321246
10,6,-6.419081998622057e+17,8.48356858247572e+16,-3432548840782209.0,65874597904560.42,-691305034233.0519,4172715737.955646,-14395609.614445392,26288.852803224316,-15.001888374371617
10,7,-2.180029319836451e+18,2.4726431267995837e+17,-9397559890888258.0,156412838109676.0,-1343308389148.581,6414369140.541535,-17179903.495179553,24115.83956385531,-9.147461858982886
10,8,-1.0216104516820618e+16,1556340632294209.2,-76992792648156.8,1574765447732.538,-15814599218.75601,83446728.71694587,-229438.75573755035,308.2747217431079,4.4845208964489505
10,9,-2.263210634576566e+20,1.1048256453004722e+19,-2.2001575429883715e+17,2355060912273678.0,-14938374447201.996,57850028349.29463,-134156296.69616601,170847.89085802974,-86.98706004588485
10,10,-3.1043112297888293e+19,2.7798636319079475e+18,-9.057248706428029e+16,1387258726302252.2,-11293946498340.842,51559208503.45882,-132409347.55104953,178693.30960909268,-93.98165805199363
10,11,-2.0080597438640203e+20,9.384244124121014e+18,-1.8468068471336544e+17,1996314223236949.2,-12954038118567.227,51659926072.27035,-123661667.2226252,162534.58019074026,-85.25465736928564
10,12,-3.338119992222656e+18,2.447271487806001e+17,-6705595546602420.0,92153148377110.08,-702449263171.461,3058420835.3258686,-7443203.284347285,9276.410789382022,0.11212131063778041
10,13,-1.3425471194557519e+20,5.64337148246085e+18,-9.738150887970994e+16,903263788605705.1,-4938928381573.136,16355301746.733746,-32164420.658249293,34514.44275293789,-10.909997362873517
10,14,-3.4277560731029406e+19,6.148063599913355e+18,-2.2358581355336448e+17,3515417535998088.0,-28812775952845.28,131896229913.51466,-338083381.6016473,451246.755885574,-238.66135433703408
10,15,-9.280361795386135e+20,6.558504319502445e+19,-1.627798449294237e+18,2.0193298292710668e+16,-142034516995936.72,591662299183.3668,-1444132200.56471,1906550.1274671662,-1045.6050319248761
10,16,2.175970458709861e+21,-2.725484228494963e+20,6.268974068941372e+18,-6.615072654367552e+16,391056295874975.44,-1380073931723.8982,2893689620.974825,-3330701.1730394717,1626.3261512161507
10,17,-6.837915275048237e+19,6.542012123034333e+18,-1.9032807628192026e+17,2553141922215247.0,-18487081910936.77,76888175048.61903,-183671957.0452699,234081.62521135557,-118.59711364167032
10,18,4.0484743352387215e+19,-2.6403549341581793e+18,6.903455670117995e+16,-947872703383859.5,7517914053940.885,-35502383103.30833,98121642.40317056,-145993.07699478636,94.69366510011756
10,19,-4.169531778584311e+21,2.979373168052467e+20,-5.318752098884359e+18,4.504845421205349e+16,-215821308420246.84,619957756244.1455,-1061268186.8303275,1000123.329073391,-395.27380193280186
10,20,3.3660524456983273e+19,-2.5787086977038833e+18,7.700562640655672e+16,-1158174508013853.8,9559426069354.908,-44944717471.28957,119581542.63984759,-167213.55684196248,99.95352238084556
10,21,1.49197566504762e+19,-1.3943513843501635e+18,4.350610051369285e+16,-585964948606200.5,4123572713588.784,-16409513182.881645,37197334.290835634,-44751.036750468724,26.798193752692946
10,22,4.032486727310157e+18,-5.581179473128627e+17,2.221051713295392e+16,-396213022233829.0,3626898299811.371,-17968090284.868183,48691849.67125868,-67899.9671783696,42.756049998892635
10,23,-4.407813982316576e+20,3.2712493070951e+19,-8.652792065181851e+17,1.1055424850810248e+16,-76299674254631.64,300349690573.72797,-675564815.8278897,808950.8540759294,-395.63496997853633
10,24,1.1755867095003542e+19,-2.5885420592794337e+18,8.282232644754346e+16,-1089940175755081.4,7512476840077.237,-29507466933.502,66552836.22141974,-80286.45050100496,44.78751523307723
10,25,-1.9608996104517894e+19,1.2220169955727508e+18,-3.0884173798837732e+16,413109900293768.3,-3206319021783.0146,14833729794.681036,-40090628.01504066,58056.990676407084,-29.904456263691362
10,26,1.1289721078416867e+19,-8.90744547575241e+17,2.6882372118243116e+16,-402915070838192.1,3328844338544.6855,-15711095670.779245,41756243.21343875,-57779.52915785316,36.90061813894367
10,27,-5.461170100696701e+18,4.0577013095365485e+17,-1.0825239065209064e+16,131763567060010.97,-849193008505.5938,3084479639.879027,-6304592.956505604,6712.750372095381,1.7805426320020152
10,28,8.42851880528479e+19,-3.669930494089074e+18,6.606253373314223e+16,-642547096294036.9,3704444845268.18,-13006649141.39202,27247794.78810856,-31219.432392282564,19.65283371910431
10,29,-7.291242464439015e+18,4.505513295726693e+17,-9637853797023734.0,99650428249806.62,-555033492204.1088,1699132275.0890067,-2714098.277182899,1871.3138544065923,4.4226820418809405
10,30,-3.421332846780502e+17,4.62059428447029e+16,-2255319783413918.0,52874989205862.086,-665701397075.2295,4699814545.547961,-18469646.71740807,37448.11478408396,-25.627226794757195
10,31,-4.308796485784756e+18,2.3222128314263232e+17,-5169364221532751.0,62292278014044.51,-445101261478.8488,1930789721.413728,-4958225.8480310105,6888.7328093195465,0.6764670353197108
10,32,1.1176014436235836e+16,-1552336308232236.8,60062098911689.984,-979006496946.0112,7507972372.760683,-24640675.68455678,5538.303749128219,145.98782550291773,4.425718057271242
10,33,2.4455199746067054e+22,-7.85120047629979e+20,1.073275804767098e+19,-8.155307163194706e+16,376677274210128.75,-1083163068440.4751,1894873554.2101483,-1845608.457853764,771.9046900850697
10,34,-2.0031027053470724e+21,2.958391789645933e+20,-6.760902051791975e+18,6.8264726140053144e+16,-376156285104120.5,1211398322286.7922,-2277490360.6900954,2316818.871799564,-980.846047068178
10,35,-4.041663243614401e+21,1.5022296772740773e+20,-2.2906425308279214e+18,1.877865670093769e+16,-91277454567053.23,271450283234.9352,-485334115.60732454,479313.7088131041,-196.320755766164
10,36,5.195428179234029e+18,-3.44099941522012e+17,9254333726366404.0,-132686847785218.86,1113134480143.166,-5605356225.999597,16558417.03595279,-26234.169231953594,21.724317747672956
10,37,-2.612139331735506e+19,1.8024391431530496e+18,-4.586393664198089e+16,566279943282819.8,-3843574289782.393,15092915333.324272,-34125477.693406135,41171.5062653151,-15.850360230490692
10,38,1.1310102342562913e+21,-4.3292451713003586e+19,6.903414138160657e+17,-5993683339338129.0,31068602934674.824,-98781952925.27452,188796860.64890882,-198989.34974949548,93.4716367432874
10,39,3.2854267149203695e+21,-1.7704695072657664e+20,3.203425052724184e+18,-2.846726822537461e+16,143241230598767.44,-429871827087.01294,764131793.0252719,-743622.3394846468,310.2325465819662
10,40,9.568678245969177e+18,-7.816216876918728e+17,2.233393423172006e+16,-316180063547305.8,2499096904353.1274,-11459081062.104061,30052124.528931286,-41557.587704573634,28.04274417189025
10,41,-4.639548085417964e+20,1.9008206162089693e+19,-3.1677224618880166e+17,2842998595697979.0,-15172697075961.684,49633732133.2573,-97644832.79929999,105998.85967244931,-44.10968964528078
10,42,8.945812007645145e+19,-8.069844091581697e+18,2.4742433202063603e+17,-3233909730679807.0,21791231477893.74,-82276850156.14897,176002104.3308308,-199360.95570979972,97.57568064235848
10,43,-1.1107741693496818e+18,9.788102801961475e+16,-2866761538249311.0,40928027790918.805,-324750533594.7717,1497901796.5370064,-3975082.3562195715,5610.817956543401,1.3944525276979542
10,44,-1.5519321969957844e+20,1.4199719225642291e+19,-3.710847402292692e+17,4231956880649018.5,-25633858410282.652,89092205495.65959,-178727931.7077449,192669.11587169697,-81.83192256169967
10,45,1.0307682071178924e+19,-5.5437196690017146e+17,1.2483632336700816e+16,-153484663555413.78,1125916237246.0222,-5047245651.329649,13519243.4857529,-19815.738583734732,16.845499907232977
10,46,-5.260326679481905e+18,3.534409089299351e+17,-9571188872411712.0,136057795866602.22,-1110223576245.9824,5346401066.195041,-14934900.20027493,22290.660575623377,-9.056886000305713
10,47,-2.2026143921177608e+20,9.462574485469377e+18,-1.627257359781411e+17,1473947811766449.8,-7695285313387.337,23590088365.80901,-40971224.92632772,35965.768982041096,-6.84133291422089
10,48,-1.0380708224810583e+18,6.4612931128755224e+16,-1702972097955187.2,24750980086977.145,-216123946351.51465,1155241010.2237155,-3668449.9183278475,6285.521420874563,0.24906942514062091
10,49,-4.12836897638367e+23,1.36699923737005e+22,-1.8993907483153744e+20,1.4501472444855311e+18,-6675696592079022.0,19040193009464.258,-32966715048.97055,31776170.911779556,-13085.037722572826
10,50,-1.517696949061544e+17,2.109469390970159e+16,-960216140978536.0,19853599634395.45,-214554821801.3387,1286886749.4126472,-4282884.72129935,7343.470547265899,-0.3608979206083932
10,51,3.891901298002497e+18,-3.036142602529048e+17,8649862259918857.0,-125916927977597.23,1050796701671.2094,-5200230185.300902,14951641.719162641,-22832.53496852059,18.851598381817215
10,52,5.649070706696086e+19,-3.948837771138195e+18,1.0083226513771301e+17,-1280156462589115.0,9008530472154.924,-36504208576.31207,84424646.42009534,-103296.00096809553,56.442422894134914
10,53,3.6851011662629365e+20,-2.4370730386165395e+19,5.88102651893989e+17,-6812268488969157.0,43433480353408.086,-161376232102.83325,348666311.94439083,-406261.7709353972,202.02898973557419
10,54,6.243082957474282e+17,-1.011183694396609e+17,4412459994620676.0,-79822666035654.97,728831158509.8259,-3644192880.590125,10049904.904470857,-14185.565995672947,12.527666655981266
10,55,-5.962180346520774e+19,5.611945181791715e+18,-1.338611327191591e+17,1485196959941910.8,-9098047024505.365,32649964835.14369,-68401276.74555592,77527.32585281171,-32.11517585290996
10,56,1.0649813538581278e+20,-5.425330344893593e+18,1.1263464725259656e+17,-1264799578012023.0,8477738152527.097,-34919122416.76567,86572377.6471589,-118239.13460417424,72.6951596024697
10,57,-6.918149545897057e+21,3.082574628825356e+20,-5.040514275487537e+18,4.248545364455465e+16,-208499586379664.75,620770464934.9348,-1106710777.0100448,1087820.4394352385,-448.9505643363619
10,58,5.305314663944107e+18,-1.7736561042326203e+18,1.0065049145772987e+17,-2271929006924893.0,24303174795140.09,-134920648826.38557,397846769.0833256,-590110.4392526459,350.5485566375964
10,59,1.5030573273672804e+19,-1.0683482890690534e+18,2.897311320611516e+16,-391312675750849.8,2956829765611.6445,-13049263968.199875,33235002.813735023,-44975.362143703074,29.55709660537821
10,60,4.010051358780467e+17,-4.100932036978003e+16,1550205852902097.2,-28091833861560.402,272321441141.47513,-1480464733.0550747,4499073.866775846,-7098.765251433315,9.16031761776345
10,61,1.806453213304069e+20,-7.0503489895899685e+19,2.3020861401627802e+18,-2.846928934423081e+16,178384243029853.44,-626895343948.0409,1255457098.3696582,-1340871.7694784608,598.2550867571207
10,62,-2.529684013333269e+17,2.8825365693020612e+16,-1116954860343249.1,20013028127654.168,-186782104048.68393,946816256.7613015,-2566316.3501465055,3417.8582416600866,2.9223909699985477
10,63,3.809218678282862e+21,-1.8887184604735914e+20,3.739686726309893e+18,-3.9487562824143864e+16,246458960947328.75,-939376337467.8834,2149050999.563355,-2711444.1379161063,1454.8289210398705
10,64,2.2000801218611378e+21,-7.473642665522612e+19,1.0834405603524259e+18,-8752136631596652.0,43074537834596.73,-132212480878.38777,247089250.60056376,-257027.05954459487,118.58239986318691
10,65,8.537994955690197e+18,-1.0811346104439991e+18,4.235597804377876e+16,-689594770841345.4,5568621684946.247,-24534444870.870033,60193054.08518626,-77269.01245601695,45.096724943572454
10,66,7.749488012068266e+18,-1.5863223440760466e+18,4.5526603821313256e+16,-569411018848487.9,3858098608009.0747,-15191814908.314978,34737548.82855924,-42733.585867253896,26.484450316133337
10,67,-8.251803485110849e+19,5.552073879381495e+18,-1.4237459672274707e+17,1827552805771793.0,-12925721842305.973,52261730268.94908,-119881020.69440266,144868.5105309431,-66.91486582718636
10,68,-5.634460777171472e+19,2.0947601123735772e+18,-3.2473748090351156e+16,272316632679126.25,-1340460197853.7415,3930715872.990454,-6638873.753936866,5846.737783866565,2.610781627210887
10,69,2.0386416109285033e+18,-1.8618204774507024e+17,6157525524364367.0,-98124567950405.66,849739026997.3992,-4205155872.5779567,11842085.66637727,-17590.675990517928,15.309490312977653
10,70,-1.6163622521865254e+21,8.015414139594231e+19,-1.6185963045585613e+18,1.7390035137615046e+16,-109033024185678.55,410808558579.6136,-914676180.3336599,1108028.1028749314,-558.0079035313363
10,71,3.651005014588527e+20,-2.448403033473524e+19,6.165346274015684e+17,-7604265148977712.0,51954449128684.83,-206619340371.1059,475678009.6009543,-587324.9550491837,305.41508543433423
10,72,-2.0294465412203107e+21,1.3829954450563732e+20,-3.257375007489606e+18,3.584593291722183e+16,-216028506369944.72,760796906985.1638,-1566903139.5936027,1752337.460533714,-818.5250176797736
10,73,-3.605707125525114e+22,3.0794773459023666e+21,-8.119095191751352e+19,8.70114218038548e+17,-4831438594989757.0,15284936701413.338,-27914023990.975647,27483761.149078324,-11315.81961454313
10,74,-8.279423074558216e+19,6.88611981084765e+18,-1.7001043248337904e+17,2026119859813756.0,-13588440060942.098,54050265915.31677,-126579322.48467538,161284.58187695313,-81.60475627523779
10,75,-1.2315849694059115e+22,4.308454100130368e+20,-6.354727575464252e+18,5.166550824592408e+16,-253763343985668.8,772848468699.6729,-1428608969.9896846,1468760.080266259,-639.763359500104
10,76,2.8393247693340597e+20,-1.7274113966290538e+19,3.617267036850494e+17,-3829297899947631.0,23371796356084.39,-85897637602.76881,187670537.61673415,-224311.29580956668,117.43131597320662
10,77,1.6499282890293128e+18,-3.115609882246645e+17,1.7249422820075948e+16,-388989474610826.25,4226118574796.7954,-24003423090.789642,73186256.1734686,-113564.45955557842,75.07132154577138
10,78,-1.355214417338134e+22,1.0364890453919877e+21,-1.8909483176177316e+19,1.6403748118174058e+17,-810062121526170.6,2414706000523.4956,-4316745816.427896,4272877.050409825,-1799.274853114573
10,79,1.7815377833125216e+22,-1.7892046203844748e+21,3.863931945812158e+19,-3.728507784109723e+17,1970034615499021.0,-6120643882544.057,11193045302.176846,-11177519.626981074,4715.170724781319
10,80,-7.901557822728265e+18,6.758369383916641e+17,-1.9232011558280544e+16,255920573848672.2,-1843382707917.8237,7632665110.464565,-18158622.34640091,23052.236148912398,-7.44083434176216
10,81,2.4434850716474954e+19,-1.806892675306735e+18,5.1120783295352296e+16,-721758536066816.6,5648302392842.454,-25492100971.14734,65842689.91143435,-90242.3302440011,55.48209160546742
10,82,-2758715036567315.5,569809533907453.5,-32090197855504.82,824116118771.9719,-11171577233.802847,83675184.09462251,-345792.8394819589,741.5023574151314,4.015436323655141
10,83,-2.943394542705951e+21,2.5363662398268624e+20,-6.756247403794703e+18,8.378607521229485e+16,-563601955897040.5,2188838882838.759,-4914775958.786186,5933363.477789923,-2979.392747305659
10,84,4.3114782244298886e+17,-1.2964347251214786e+17,5941522879890863.0,-113250075864286.55,1102458589898.1138,-5880322817.964621,17348182.132946815,-26517.090781681505,21.011918732880293
10,85,-1.3046040375764608e+18,7.692838789027282e+16,-1825070839536867.2,22642288457768.0,-160338556264.3224,664516908.5912594,-1577382.902442293,1973.1270078908412,3.6402421978276203
10,86,3.717854234540157e+19,-2.1222096668523523e+18,5.019091696844132e+16,-643503349707975.9,4901149317124.869,-22735705874.054554,62765889.42318806,-94274.71596830824,63.62449026986445
10,87,3.152435723948203e+17,-3.979780271239741e+16,1829943668657781.5,-40428183379207.47,477794930332.7086,-3159561564.5022683,11596456.982484162,-21771.90968075337,20.667293737857694
10,88,2.1953857446113905e+21,-9.861233216654408e+19,1.8263181688746232e+18,-1.827029741767065e+16,108634796038863.75,-395423499483.07715,864725325.4794593,-1043059.3197380285,537.8751270812954
10,89,-1.7083501695439885e+21,1.198573039457937e+20,-2.220417975730848e+18,1.9694899450120036e+16,-98997413932532.11,298078806393.7552,-533539346.3972016,523987.93834697845,-212.87833032873215
10,90,-9.043648074905203e+16,1.3951786681042296e+16,-712949623839605.6,15913188225161.39,-178478657015.90967,1063865896.8257521,-3396456.3602692657,5474.002976552893,1.1531842277308022
10,91,-1.2251506213463175e+22,3.890839692625429e+20,-5.269766346318801e+18,3.983986573797652e+16,-184169307598756.72,533737652244.58356,-947990732.9931428,944355.2682098417,-399.6684329914478
10,92,4.934244348984567e+23,-1.364722234337494e+22,1.5978187447623392e+20,-1.0413238634161038e+18,4150415414183425.5,-10392593874843.559,16002947014.775984,-13879609.027767954,5203.1659517696735
10,93,1.185307094246806e+18,-4.517893096643799e+17,1.8445809985812324e+16,-321498308366291.56,3013127583181.093,-16347881928.843653,51367684.29118291,-86624.4113100944,65.17470239215756
10,94,7.11053543150109e+20,-3.64781048301778e+19,6.555881796647384e+17,-6017432841076006.0,32104168488827.93,-103898039281.35805,201280214.76608115,-214757.97844135057,101.64275110320919
10,95,2.287443588223413e+19,-1.9263803916868703e+18,5.774076458749351e+16,-877490003569368.5,7645739598089.658,-39771106673.31839,121836013.143254,-202379.07692923484,144.94872872838673
10,96,-2.5434140291631944e+18,3.357198245986011e+17,-1.3218153287847106e+16,211258010002359.6,-1707784378020.9111,7643991028.0306225,-19191817.633468565,25270.851774688224,-8.916107957131544
10,97,-1.067523286144269e+20,2.009735532371022e+19,-5.121641873909847e+17,5742891517987541.0,-35165288807622.047,125890155146.36908,-262982362.77317044,296931.4877310273,-135.3260461968903
10,98,1.8033969129782804e+20,-7.819302277522042e+18,1.3711155591870293e+17,-1275219814126185.0,6934957474116.088,-22745790636.37734,44204270.66687325,-46754.17355309817,25.320224640491492
10,99,-1.8681882190130714e+18,3.42575760590701e+17,-1.3330372487944442e+16,232129093048112.5,-2174106649624.892,11623800811.767355,-35300151.91602346,56428.09459607132,-32.099531933676914
20,0,-4.676732608534273e+19,2.9799559930452035e+18,-6.761757206318014e+16,770245578828639.8,-4987578709511.023,19170895243.24775,-43263042.215810455,52898.50268853637,-22.380235577208307
20,1,-1.6303311759461425e+19,2.4070588536038523e+18,-7.32305056372303e+16,982674191915682.2,-7047344953051.549,28885096376.409203,-67725984.76861376,84423.58278823452,-38.70090062813087
20,2,-1.1161411959111074e+19,8.024125619325985e+17,-1.9496030279823296e+16,231206158030955.9,-1524749160201.0344,5863699787.398439,-13046948.146718085,15542.563264315044,-3.018292656886342
20,3,-4.312596272091747e+19,3.0234289757207276e+18,-7.854238583422262e+16,1004162435411798.6,-7095978730494.672,29018374027.95125,-68259019.89102884,85618.40903618366,-39.67437070907089
20,4,-1.0569246729653113e+19,1.0870979888665e+18,-3.9625368010046056e+16,673317703440040.0,-6057393193884.253,30442315951.547398,-85229228.0628954,123392.12169276935,-67.02074589966193
20,5,-1.2665729118722389e+17,3.9847700542860936e+16,-1889280748281004.2,34702367511647.33,-316058421589.03235,1570726159.1759796,-4333946.212809964,6242.755879154386,0.9797933247758694
20,6,2.4743736052720486e+18,-2.8599761057047194e+17,1.00847531321448e+16,-158209078973316.2,1295971186512.1492,-5936096817.387129,15291377.997606527,-20663.98888339862,16.024072683420652
20,7,-2.373113067163708e+18,4.248960705813951e+17,-1.7152120242263544e+16,281128112344123.9,-2297102764181.8926,10147442937.09106,-24524520.286518313,30442.813174428058,-10.518020067657359
20,8,1.5343863960353874e+19,-9.76237641929919e+17,2.450328792125379e+16,-318304516592362.2,2355905724706.8413,-10262947155.69776,25935726.08928913,-35051.19398588687,24.180004471448562
20,9,-2.52646920958124e+19,1.7177859803331715e+18,-4.40462678036641e+16,555642324499659.06,-3868967521521.785,15570223278.268984,-35986536.89590136,44271.79215370953,-17.790308222464365
20,10,1.2194807750510845e+18,-1.3417990295582544e+17,3440211508376117.5,-37871767768497.02,211264935374.87372,-619801927.2598809,897538.1985204865,-465.31372967373545,4.571057815737969
20,11,-2.3347000418966513e+18,3.135203748990693e+17,-1.1106138734659082e+16,167942642736632.06,-1321860811603.7476,5846622535.715998,-14624527.560700327,19287.715068536032,-5.765239401747649
20,12,-1.4269252914511299e+20,7.199334311201619e+18,-1.4519897791919056e+17,1533890396042822.5,-9365776043759.846,34158407269.20331,-73273250.9079347,85131.80768775487,-36.6220863352235
20,13,-3.4384244296136735e+18,3.1366345358119206e+17,-8947263746718803.0,119128786473937.19,-854778281674.4764,3498077684.8779774,-8156280.172982841,10083.587574886711,-0.4888956470371938
20,14,-4.808290303071179e+18,4.1672851661390803e+17,-1.2081924436005084e+16,167219001892950.0,-1264384605194.978,5500001102.625797,-13700144.97744043,18129.96608988961,-5.2250368420128925
20,15,-5.18955865455102e+19,2.525696596198346e+18,-4.96545240499886e+16,515581922297819.1,-3103711984001.753,11154638371.160858,-23523365.77710592,26789.954822330754,-8.050410265922503
20,16,3.7778263904570355e+17,-5.984104035291625e+16,2840406450777330.0,-57105974025943.6,573192456130.1765,-3094533037.558073,9075928.305917457,-13558.401109286047,12.701031213168031
20,17,-1.959353724383462e+18,1.853948978315603e+17,-5962374014753029.0,91555832198188.1,-764708504146.0376,3652942649.22647,-9928821.82992741,14241.230985495975,-3.698178206873738
20,18,-3.968249514022017e+17,1.0712028333004464e+17,-3994654242129995.5,59164615140506.02,-440522401255.00806,1804799927.832547,-4134086.392015508,4979.449410509055,2.177310483187444
20,19,-2.602915315031578e+19,1.7462503888542881e+18,-4.155572873564097e+16,491065101904228.56,-3256268891245.0444,12663774425.837397,-28623620.16697344,34767.18113538631,-12.882063389060322
20,20,3.994555255760258e+17,-8.966284901981787e+16,3600547113955156.0,-60432978113111.45,524436670621.5595,-2537907126.923442,6886095.491974493,-9757.088750866707,10.24819840676654
20,21,-9.59009539980677e+18,8.47765139851382e+17,-2.4429160763237212e+16,336211830306994.9,-2533892438825.4077,10993655381.89697,-27302672.450314436,35979.14127350923,-14.82612318798809
20,22,3.181827559057347e+18,-3.448610735865785e+17,1.0633853485409084e+16,-147092043420187.97,1072876230256.9438,-4411095292.563992,10270023.909594677,-12615.361609296206,10.987406721278766
20,23,-1.1190972329349115e+17,2.9618211314826016e+16,-1419189214413793.8,26564690197484.59,-247258487474.0862,1259230324.2961364,-3571512.8599118353,5297.669920323176,1.4497713801832466
20,24,6.409061347046584e+17,-8.083333313015957e+16,2682017789634429.5,-39007987972795.51,296006061083.5609,-1252402338.0801656,2968447.215124693,-3675.836496632579,6.4935513392327975
20,25,-5.920750424008958e+18,2.750523810547702e+17,-4642132131404644.0,37800786249978.65,-161044099598.165,348135585.1429075,-289158.87009880214,-109.83521523504767,4.865731190836454
20,26,-5.866558943780265e+18,3.206410527448698e+17,-6990770012038184.0,80471307187738.83,-541140298220.8949,2194986672.0552907,-5273976.600672779,6899.820173106854,0.8637729667784719
20,27,2.168978918097608e+18,-2.969954939586434e+17,1.0854144925984486e+16,-151157819837852.94,1044024189833.5118,-3946899091.3394156,8271722.207453323,-8938.598367207898,8.474508404600373
20,28,-1.6902484193495603e+17,4.532271082291038e+16,-1528874456861242.5,20830263453662.477,-142050491568.4703,515623272.6959494,-975334.1610819635,847.4469500958573,4.430777450775593
20,29,-1.183769927008682e+18,2.028373211865462e+17,-8327086772543029.0,138803678120430.36,-1151295612735.0361,5190133664.276217,-12925616.02061666,16701.7505011004,-4.091772224983909
20,30,-3.755478134583327e+18,2.1065659074236563e+17,-4615634478647451.0,51974341170268.01,-334207251758.72015,1272787990.419262,-2826467.6924651554,3368.457707252966,2.9901353116755898
20,31,1.8968655769029535e+18,-2.3069990502914976e+17,8325898702242941.0,-132459682234600.2,1099344065527.6483,-5109092759.5759325,13370443.624089485,-18359.75751611157,14.908771435916393
20,32,-4.76382657981813e+18,3.4032224073004544e+17,-9293449355124752.0,127849341533924.36,-988498711490.1586,4475314371.158354,-11747640.108635182,16538.982947288107,-5.008447241917061
20,33,-2.3328055981409827e+17,6.767994449354074e+16,-3315103238338843.5,62828248036435.56,-577500628255.8854,2829949721.014229,-7550854.460605043,10345.898518305332,-1.0513005669669662
20,34,1.448946481761323e+17,-2.828847631164324e+16,1520195346026517.8,-30967542786386.547,305180776065.7815,-1601336223.9682739,4572656.005757326,-6693.671899858773,8.572693410810885
20,35,-9.66841482024782e+18,1.1015599959082316e+18,-3.811561571660598e+16,585884576956897.4,-4660584020703.521,20620066821.720856,-51218334.40461145,66806.71698843756,-30.95814216877459
20,36,-3.7023178205435654e+17,4.744782382832881e+16,-1825606170716056.0,31514291503067.11,-284470299540.9171,1432634010.7315648,-4043121.5501937545,5971.652336347327,1.0576183029428878
20,37,9638617407305182.0,1005945523718468.1,-850917054935364.5,22241275715449.566,-217261188063.22678,1039458802.4506338,-2607236.6161273313,3289.8087064556858,2.996204186915751
20,38,7.675755779662358e+18,-6.827476815679456e+17,2.0142740076233668e+16,-258918666583907.84,1703658548161.1697,-6138825141.421315,12121523.544877863,-12117.312571413207,9.32319993934594
20,39,-2.0520081746948052e+18,2.6014546614965926e+17,-1.0246810050470598e+16,185217376907401.47,-1781445064799.3677,9685383868.547632,-29806915.434392173,48345.33528274539,-27.425164391089353
20,40,-6.391000161710716e+18,5.319746965673678e+17,-1.5089693358397622e+16,200506510559795.6,-1428929261336.6606,5780847090.737633,-13271109.298248162,16086.181125462479,-3.3480527848720563
20,41,-5.936418486462807e+20,2.8156567848288862e+19,-5.417831222706472e+17,5557791820611062.0,-33474753881665.953,122026334659.3609,-264490296.09810224,313286.47472568357,-151.31265920577533
20,42,-2.6455878280946964e+18,3.855373530197171e+17,-1.47569434473765e+16,236113958881711.38,-1932498515834.6018,8770748048.56902,-22283204.249842163,29624.018395894815,-11.38729767483142
20,43,-2.3922493369895654e+17,3.701398049206322e+16,-1539023585230119.2,27415562370363.19,-244565801466.95935,1172059590.028309,-3062269.865181547,4117.177152099951,2.409442262785229
20,44,-2.661414952022553e+18,3.019393646368376e+17,-1.0261205719460916e+16,160831007824392.6,-1351981886537.6726,6466257511.010169,-17592072.106453348,25316.926334742686,-10.296493307836736
20,45,-8.12701017928911e+17,8.022948140934443e+16,-2174954622781323.2,24461875469792.684,-127646202178.25888,283511815.6720728,-32674.491470401306,-794.22452366725,5.486859941333642
20,46,-1.139546235962203e+19,1.0378504503993396e+18,-3.023028793828176e+16,407640703170596.4,-2940925426643.1084,12042857935.880793,-28020050.71428185,34490.786937852674,-12.788440628245889
20,47,-3.193510054402957e+21,1.2425469572340174e+20,-1.9206710957792154e+18,1.5832015536471684e+16,-77312573779288.78,231299878009.35516,-416801875.54021066,415636.19425072736,-171.61750732887847
20,48,-2.571893809551427e+19,1.7679092095254362e+18,-4.534348129561907e+16,574305376538517.0,-4028581983931.29,16376346883.84243,-38308293.00747741,47763.37406833648,-19.904328624953333
20,49,1.877930519175508e+18,-1.4314605377795714e+17,3849962406179243.0,-49823663156667.2,349731668661.9936,-1397718805.4886851,3169318.3573342045,-3777.9210113904396,6.472839973089731
20,50,-9.067502109116417e+18,9.562915180429857e+17,-2.7206030358181496e+16,354267677289106.1,-2486701849526.283,10017581978.322826,-23171178.354733307,28602.271558159668,-9.9522256949754
20,51,2.4915729789385016e+18,-3.251575789228864e+17,1.1903665320717802e+16,-187270432330020.78,1514184705806.791,-6765250736.748487,16811791.309983887,-21689.733917927286,15.944341578950468
20,52,9.511580570604165e+18,-6.268336314322258e+17,1.5641174712524164e+16,-195692270156199.16,1368845879939.595,-5584615921.472468,13178891.055584403,-16640.47902665351,13.3298788088172
20,53,6.811352734534824e+19,-3.4224741180936243e+18,6.939727896537896e+16,-743698095120147.2,4627461241793.447,-17217248304.067493,37637482.0453089,-44449.458014459335,26.46941350587803
20,54,-2.218073213154573e+18,2.0347406406643997e+17,-6753495638826943.0,108398672319920.83,-944435571591.2528,4672853448.9152355,-13068980.765866091,19200.56084406875,-6.850356280736149
20,55,5.787585117274392e+17,-7.1596173165590216e+16,2489316852962977.5,-39048793310777.805,323448636214.97736,-1503428399.7718043,3927957.451173227,-5367.916139492117,7.6237024287628925
20,56,8.92720820740566e+19,-4.948073529769176e+18,9.674943431829739e+16,-943131843788130.2,5190743918738.447,-16847376224.786207,31907497.01297042,-32542.363708691213,18.423417108914965
20,57,-4.5851737463624384e+17,1.0417790299186573e+17,-4833883970313694.0,86235260028631.84,-755695280083.7228,3589513178.5212526,-9416382.875198005,12825.683537658846,-2.4351732993065904
20,58,-6.012915758637399e+17,6.921018888324301e+16,-2340592728485239.5,35152643152589.418,-273520002032.10037,1175956829.7139606,-2805988.7070151204,3476.66745332637,2.9004180585177406
20,59,2.800522985662298e+19,-1.910592430529348e+18,4.948275746664063e+16,-650111609207118.8,4825675729783.19,-21036038075.523693,53249652.56266905,-72294.5246167211,45.28724281186878
20,60,-9.26263626453109e+20,3.6861073895965397e+19,-6.103203989243668e+17,5493240108480032.0,-29457183788671.72,96676034773.29143,-190311104.68465984,206190.35427427618,-89.80828909764053
20,61,-2.974018979161074e+18,4.576810317334044e+17,-1.696284131221539e+16,272622850719595.62,-2290516919602.433,10800200277.801815,-28719012.085375514,40144.186358567385,-18.249727141548046
20,62,1.38574561411965e+18,-2.174501234662505e+17,8210362512645917.0,-128297360202220.44,1011757629751.7512,-4389238589.777382,10626982.584760355,-13447.288762081605,11.564854793407186
20,63,1.5362810945380649e+19,-1.305147112226669e+18,3.786469536133311e+16,-523413693323228.56,3928379103325.831,-16841190053.574205,41066846.46683724,-52845.16713763339,32.43931254190498
20,64,9.277379228969413e+18,-8.608680305511608e+17,2.163816537827716e+16,-252118330838703.06,1599865828164.3176,-5856063500.607548,12329888.976262832,-13844.136856716144,11.051920889406626
20,65,8.176435413094573e+16,-1.927048652699925e+16,905988017181074.2,-17052739106459.186,157645717987.31223,-782012435.2705098,2118867.672592526,-2937.637886411913,6.266734292993755
20,66,3.345163924131544e+17,-5.200600328286289e+16,2188052078648880.5,-38085677349749.76,334549822220.83936,-1610056712.757964,4296631.482022519,-5943.158240727736,7.958143259950677
20,67,-5.028496556138385e+17,7.346248303296083e+16,-2503389005655673.5,36131740429415.27,-266616185880.75745,1078669669.36647,-2395099.122250453,2706.0065136477924,3.450296142073188
20,68,2.043222677865453e+19,-1.4313278078986913e+18,3.78323286673313e+16,-499425524969651.44,3665382695901.054,-15564751578.143385,37862748.16909037,-48799.900582647395,30.407843444578102
20,69,-7.496521919376826e+19,3.6199339834936294e+18,-7.089357295834604e+16,739251799481961.4,-4516235951978.068,16654417576.543325,-36417132.66128602,43409.89734493111,-17.056169334751637
20,70,-4.990840299286863e+19,3.7470835142281984e+18,-1.0138375284598493e+17,1342705867384401.2,-9795295634864.219,41197532298.795525,-99199227.51528063,126663.43070239216,-61.70055426434619
20,71,-9.829330557473268e+18,8.588620186504979e+17,-2.659640665854274e+16,379779373511016.5,-2892056789359.6274,12502508527.947252,-30725875.07211893,39923.60977836897,-16.611647159435552
20,72,-9.450262254606197e+18,7.803559950719084e+17,-1.966518360640397e+16,236834566713710.0,-1583489904515.1938,6195040476.426841,-14079972.743700435,17184.12687891948,-4.04633248163496
20,73,-1.313756063059294e+18,1.1314442680677795e+17,-3530210898981287.5,52773421467367.71,-423054845411.7607,1909908209.21734,-4848936.333245183,6454.105013046539,1.1420176713992696
20,74,-6.870659001026314e+19,3.5538272506811464e+18,-6.917757776976762e+16,697085092182478.2,-4076420117229.223,14375679299.626413,-30161897.48934035,34693.57640680964,-12.205373254404437
20,75,1.0090473943941487e+19,-5.5820375859302816e+17,1.2201842120995392e+16,-138476040504165.38,902147086071.2924,-3493599291.287223,7931693.8681244785,-9721.875411869289,9.597542354633802
20,76,-5.463286124770606e+18,4.459302220807469e+17,-1.2481436007642854e+16,166906523204731.9,-1209614126645.4143,4998743406.946357,-11758489.211408988,14658.421071748453,-2.877575911652328
20,77,-3.955299221927479e+18,2.6166711691790992e+17,-6684438945840892.0,87319626286288.2,-645785587954.9148,2800780692.6520786,-7025591.070448862,9404.80667986768,-0.5411401241461382
20,78,-6.287289159657698e+18,7.548837412922596e+17,-2.357551975686277e+16,329184013146564.56,-2440781033456.08,10245949620.854694,-24378106.74083044,30589.866899372886,-11.057469657609408
20,79,1.2226335050890734e+17,-1.8362255089048372e+16,718955251844556.5,-11738343626171.172,96376083393.24283,-429652860.36439526,1051268.5652656197,-1315.2899323065087,5.299286725138358
20,80,-3.7088470556150707e+18,4.508088723682477e+17,-1.5759314655063462e+16,240135275867485.9,-1900162874796.2175,8383937819.768299,-20742193.222420845,26854.21680148659,-9.501284357194034
20,81,3.085948108048178e+18,-2.6507592643987696e+17,7220285931723730.0,-94634292015972.33,686956825961.338,-2900568022.0030427,7069043.77768891,-9186.829920100372,9.556114367535516
20,82,4.314712190983943e+18,-3.579868495597056e+17,1.081212770664778e+16,-158939389868492.12,1274799136176.5088,-5852717714.176379,15315060.39405621,-21190.946825847845,16.650147601842647
20,83,-1.417275856128272e+17,2.457256231637165e+16,-638948360297191.4,3329419170874.3896,39746861437.876335,-507623045.4588162,2139368.206383249,-3949.9703941921034,7.345484063429071
20,84,1.9256167374693043e+18,-1.8609853711859325e+17,6187026661731116.0,-97479128287740.56,824867306773.2523,-3952843812.7323594,10721794.596296132,-15313.158024253302,13.58001704433945
20,85,1.0320216193291479e+18,-1.3401961838475738e+17,4965164423246989.0,-79452323117449.31,656498715728.3721,-3018737796.2781463,7799617.32258364,-10585.292326377992,10.51274691808721
20,86,2.1229929233517284e+18,-2.126754069516596e+17,6968364626227742.0,-100304216239628.84,747771868891.828,-3101576515.684894,7206303.810354946,-8747.565201561707,8.95324529121799
20,87,1.0950557464160537e+19,-1.1620162384928993e+18,3.859546548829563e+16,-577337320281217.2,4552124077678.117,-20218682707.211956,50787167.06627948,-67214.81716142622,41.016437701915734
20,88,-5.790525837843088e+18,5.996518654490836e+17,-1.6711466867432002e+16,211558178978225.25,-1438545288329.2393,5586001326.626473,-12373929.191257145,14531.615449923262,-2.370294262116446
20,89,-1.8981182512604444e+18,1.9600502625761558e+17,-6337989810596979.0,90961346142277.84,-682434092482.3992,2870419133.070387,-6806725.606409105,8494.292873807231,0.30860131419846887
20,90,-2.0777177539214444e+18,3.705361452539065e+17,-1.5454223081727502e+16,266367466013401.12,-2281323302091.752,10519324910.914673,-26530104.55526494,34427.553990187385,-13.3267117606734
20,91,-4.6926771479690445e+19,2.5123503867665075e+18,-5.257719403312874e+16,562593958905370.56,-3400656708585.703,12049224005.015396,-24751144.21773331,27253.767769842536,-7.789409232633428
20,92,9.201283135275879e+18,-6.442821176636202e+17,1.7322955705071716e+16,-233880346100932.06,1769274959002.396,-7821197099.101297,20011604.535394527,-27383.341957408382,20.112455485854348
20,93,-2.3965750479475098e+17,4.3471476440912056e+16,-2070876959466900.8,41218954585805.414,-413318917669.93115,2256315173.260326,-6777033.975650422,10494.87364657809,-1.885851473706192
20,94,-4.051615368281481e+19,2.850688951869523e+18,-7.385826792905514e+16,911430528722466.6,-6109913082502.496,23545434408.69403,-52097334.63153355,61476.867974277055,-25.319385489233404
20,95,8.730784603954213e+17,-1.558351156562376e+17,6959259201547238.0,-127146583832565.75,1149341829372.9163,-5619196768.704302,15119125.045364462,-21027.41030329438,16.438622047583802
20,96,4.346294868159982e+17,-1.3172622389330066e+17,5180053126230960.0,-84096126100431.39,706717734373.9592,-3329512168.4519253,8851906.387772035,-12360.886712327763,11.670799797446717
20,97,-6.888418704786268e+16,1.8911288740270276e+16,-1029542194303672.5,22282804268092.332,-239212371752.26566,1394035508.3564246,-4483479.94672272,7482.948082103539,-0.41395392882811344
20,98,-5.7287476112988474e+17,6.230206291523714e+16,-2343045997673980.0,41176992137259.92,-379976118316.6198,1949613890.2074606,-5586555.07368035,8355.095489171972,-0.4293238428410428
20,99,-8.514741741481743e+19,4.553520737298164e+18,-9.749177644310845e+16,1093630655506028.6,-7060608335444.678,27022447741.08626,-60270358.2077256,72142.639669362,-31.08921165080538
